time,pair,signal,entry,tp,sl,score,reason
2025-03-24 12:00:00+00:00,USDJPY,BUY,149.816,149.916,149.746,3,MACD 강도 통과; EMA 상승추세; 캔들 양봉
2025-03-24 13:30:00+00:00,USDJPY,BUY,150.24,150.34,150.17000000000002,3,MACD 강도 통과; EMA 상승추세; 캔들 양봉
2025-03-24 14:30:00+00:00,USDJPY,BUY,150.472,150.572,150.40200000000002,3,MACD 강도 통과; EMA 상승추세; 캔들 양봉
2025-03-24 15:30:00+00:00,USDJPY,BUY,150.74,150.84,150.67000000000002,3,MACD 강도 통과; EMA 상승추세; 캔들 양봉
2025-03-24 17:30:00+00:00,USDJPY,BUY,150.608,150.708,150.538,3,MACD 강도 통과; EMA 상승추세; 캔들 양봉
2025-03-24 19:00:00+00:00,USDJPY,BUY,150.584,150.684,150.514,3,MACD 강도 통과; EMA 상승추세; 캔들 양봉
2025-03-24 20:00:00+00:00,USDJPY,BUY,150.676,150.77599999999998,150.606,3,MACD 강도 통과; EMA 상승추세; 캔들 양봉
2025-03-24 21:00:00+00:00,USDJPY,BUY,150.69,150.79,150.62,3,MACD 강도 통과; EMA 상승추세; 캔들 양봉
2025-03-25 11:00:00+00:00,USDJPY,SELL,150.136,150.036,150.206,3,MACD 강도 통과; EMA 하락추세; 캔들 음봉
2025-03-25 12:00:00+00:00,USDJPY,SELL,150.088,149.988,150.158,3,MACD 강도 통과; EMA 하락추세; 캔들 음봉
2025-03-25 13:00:00+00:00,USDJPY,SELL,149.796,149.696,149.86599999999999,3,MACD 강도 통과; EMA 하락추세; 캔들 음봉
2025-03-25 14:30:00+00:00,USDJPY,SELL,149.728,149.62800000000001,149.798,3,MACD 강도 통과; EMA 하락추세; 캔들 음봉
2025-03-25 16:00:00+00:00,USDJPY,SELL,149.759,149.659,149.82899999999998,3,MACD 강도 통과; EMA 하락추세; 캔들 음봉
2025-03-25 17:00:00+00:00,USDJPY,SELL,149.746,149.64600000000002,149.816,3,MACD 강도 통과; EMA 하락추세; 캔들 음봉
2025-03-26 00:30:00+00:00,USDJPY,BUY,150.176,150.27599999999998,150.106,3,MACD 강도 통과; EMA 상승추세; 캔들 양봉
2025-03-26 11:00:00+00:00,USDJPY,SELL,150.181,150.08100000000002,150.251,3,MACD 강도 통과; EMA 하락추세; 캔들 음봉
2025-03-26 12:00:00+00:00,USDJPY,SELL,150.134,150.034,150.20399999999998,3,MACD 강도 통과; EMA 하락추세; 캔들 음봉
2025-03-26 13:00:00+00:00,USDJPY,BUY,150.444,150.54399999999998,150.374,3,MACD 강도 통과; EMA 상승추세; 캔들 양봉
2025-03-26 14:00:00+00:00,USDJPY,BUY,150.498,150.59799999999998,150.428,3,MACD 강도 통과; EMA 상승추세; 캔들 양봉
2025-03-26 15:00:00+00:00,USDJPY,BUY,150.666,150.766,150.596,3,MACD 강도 통과; EMA 상승추세; 캔들 양봉
2025-03-26 16:30:00+00:00,USDJPY,BUY,150.572,150.672,150.502,3,MACD 강도 통과; EMA 상승추세; 캔들 양봉
2025-03-26 18:00:00+00:00,USDJPY,BUY,150.591,150.691,150.52100000000002,3,MACD 강도 통과; EMA 상승추세; 캔들 양봉
2025-03-27 01:00:00+00:00,USDJPY,SELL,150.19,150.09,150.26,3,MACD 강도 통과; EMA 하락추세; 캔들 음봉
2025-03-27 11:30:00+00:00,USDJPY,BUY,151.024,151.124,150.954,3,MACD 강도 통과; EMA 상승추세; 캔들 양봉
2025-03-27 13:00:00+00:00,USDJPY,BUY,150.79,150.89,150.72,3,MACD 강도 통과; EMA 상승추세; 캔들 양봉
2025-03-27 14:00:00+00:00,USDJPY,BUY,150.939,151.039,150.869,3,MACD 강도 통과; EMA 상승추세; 캔들 양봉
2025-03-27 15:30:00+00:00,USDJPY,BUY,150.97,151.07,150.9,3,MACD 강도 통과; EMA 상승추세; 캔들 양봉
2025-03-27 16:30:00+00:00,USDJPY,BUY,151.012,151.112,150.942,3,MACD 강도 통과; EMA 상승추세; 캔들 양봉
2025-03-27 17:30:00+00:00,USDJPY,BUY,151.078,151.178,151.008,3,MACD 강도 통과; EMA 상승추세; 캔들 양봉
2025-03-27 18:30:00+00:00,USDJPY,BUY,151.113,151.213,151.043,3,MACD 강도 통과; EMA 상승추세; 캔들 양봉
2025-03-28 01:30:00+00:00,USDJPY,SELL,150.755,150.655,150.825,3,MACD 강도 통과; EMA 하락추세; 캔들 음봉
2025-03-28 13:30:00+00:00,USDJPY,SELL,150.442,150.342,150.512,3,MACD 강도 통과; EMA 하락추세; 캔들 음봉
2025-03-28 16:00:00+00:00,USDJPY,SELL,150.033,149.933,150.10299999999998,3,MACD 강도 통과; EMA 하락추세; 캔들 음봉
2025-03-28 17:00:00+00:00,USDJPY,SELL,149.952,149.852,150.022,3,MACD 강도 통과; EMA 하락추세; 캔들 음봉
2025-03-28 18:30:00+00:00,USDJPY,SELL,149.964,149.864,150.034,3,MACD 강도 통과; EMA 하락추세; 캔들 음봉
2025-03-28 19:30:00+00:00,USDJPY,SELL,149.752,149.65200000000002,149.822,3,MACD 강도 통과; EMA 하락추세; 캔들 음봉
2025-03-30 21:00:00+00:00,USDJPY,SELL,149.702,149.602,149.772,3,MACD 강도 통과; EMA 하락추세; 캔들 음봉
2025-03-30 22:00:00+00:00,USDJPY,SELL,149.598,149.49800000000002,149.668,3,MACD 강도 통과; EMA 하락추세; 캔들 음봉
2025-03-30 23:00:00+00:00,USDJPY,SELL,149.386,149.286,149.456,3,MACD 강도 통과; EMA 하락추세; 캔들 음봉
2025-03-31 00:00:00+00:00,USDJPY,SELL,149.182,149.082,149.25199999999998,3,MACD 강도 통과; EMA 하락추세; 캔들 음봉
2025-03-31 01:00:00+00:00,USDJPY,SELL,149.074,148.97400000000002,149.144,3,MACD 강도 통과; EMA 하락추세; 캔들 음봉
2025-03-31 11:30:00+00:00,USDJPY,BUY,149.375,149.475,149.305,3,MACD 강도 통과; EMA 상승추세; 캔들 양봉
2025-03-31 12:30:00+00:00,USDJPY,BUY,149.601,149.701,149.531,3,MACD 강도 통과; EMA 상승추세; 캔들 양봉
2025-03-31 13:30:00+00:00,USDJPY,BUY,149.667,149.767,149.597,3,MACD 강도 통과; EMA 상승추세; 캔들 양봉
2025-03-31 15:00:00+00:00,USDJPY,BUY,149.76,149.85999999999999,149.69,3,MACD 강도 통과; EMA 상승추세; 캔들 양봉
2025-03-31 16:00:00+00:00,USDJPY,BUY,149.936,150.036,149.866,3,MACD 강도 통과; EMA 상승추세; 캔들 양봉
2025-03-31 17:00:00+00:00,USDJPY,BUY,150.032,150.132,149.96200000000002,3,MACD 강도 통과; EMA 상승추세; 캔들 양봉
2025-03-31 18:00:00+00:00,USDJPY,BUY,150.234,150.334,150.16400000000002,3,MACD 강도 통과; EMA 상승추세; 캔들 양봉
2025-03-31 20:30:00+00:00,USDJPY,BUY,149.97,150.07,149.9,3,MACD 강도 통과; EMA 상승추세; 캔들 양봉
2025-04-01 11:00:00+00:00,USDJPY,SELL,149.262,149.162,149.332,3,MACD 강도 통과; EMA 하락추세; 캔들 음봉
2025-04-01 13:30:00+00:00,USDJPY,SELL,149.504,149.404,149.57399999999998,3,MACD 강도 통과; EMA 하락추세; 캔들 음봉
2025-04-01 20:30:00+00:00,USDJPY,BUY,149.616,149.716,149.54600000000002,3,MACD 강도 통과; EMA 상승추세; 캔들 양봉
2025-04-01 21:30:00+00:00,USDJPY,BUY,149.648,149.748,149.578,3,MACD 강도 통과; EMA 상승추세; 캔들 양봉
2025-04-01 22:30:00+00:00,USDJPY,BUY,149.824,149.924,149.75400000000002,3,MACD 강도 통과; EMA 상승추세; 캔들 양봉
2025-04-02 00:00:00+00:00,USDJPY,BUY,149.768,149.868,149.698,3,MACD 강도 통과; EMA 상승추세; 캔들 양봉
2025-04-02 01:00:00+00:00,USDJPY,BUY,149.868,149.968,149.798,3,MACD 강도 통과; EMA 상승추세; 캔들 양봉
2025-04-02 11:00:00+00:00,USDJPY,SELL,149.264,149.16400000000002,149.334,3,MACD 강도 통과; EMA 하락추세; 캔들 음봉
2025-04-02 12:00:00+00:00,USDJPY,SELL,149.122,149.02200000000002,149.192,3,MACD 강도 통과; EMA 하락추세; 캔들 음봉
2025-04-02 15:00:00+00:00,USDJPY,BUY,150.034,150.134,149.964,3,MACD 강도 통과; EMA 상승추세; 캔들 양봉
2025-04-02 16:00:00+00:00,USDJPY,BUY,150.144,150.244,150.074,3,MACD 강도 통과; EMA 상승추세; 캔들 양봉
2025-04-02 19:00:00+00:00,USDJPY,BUY,150.039,150.13899999999998,149.969,3,MACD 강도 통과; EMA 상승추세; 캔들 양봉
2025-04-02 21:00:00+00:00,USDJPY,SELL,148.821,148.721,148.891,3,MACD 강도 통과; EMA 하락추세; 캔들 음봉
2025-04-02 22:00:00+00:00,USDJPY,SELL,148.484,148.38400000000001,148.554,3,MACD 강도 통과; EMA 하락추세; 캔들 음봉
2025-04-02 23:00:00+00:00,USDJPY,SELL,148.001,147.901,148.071,3,MACD 강도 통과; EMA 하락추세; 캔들 음봉
2025-04-03 00:30:00+00:00,USDJPY,SELL,147.89,147.79,147.95999999999998,3,MACD 강도 통과; EMA 하락추세; 캔들 음봉
2025-04-03 01:30:00+00:00,USDJPY,SELL,147.756,147.656,147.826,3,MACD 강도 통과; EMA 하락추세; 캔들 음봉
2025-04-03 11:30:00+00:00,USDJPY,SELL,146.042,145.942,146.112,3,MACD 강도 통과; EMA 하락추세; 캔들 음봉
2025-04-03 12:30:00+00:00,USDJPY,SELL,145.896,145.796,145.96599999999998,3,MACD 강도 통과; EMA 하락추세; 캔들 음봉
2025-04-03 13:30:00+00:00,USDJPY,SELL,145.644,145.544,145.714,3,MACD 강도 통과; EMA 하락추세; 캔들 음봉
2025-04-03 14:30:00+00:00,USDJPY,SELL,145.436,145.336,145.506,3,MACD 강도 통과; EMA 하락추세; 캔들 음봉
2025-04-04 11:00:00+00:00,USDJPY,SELL,144.726,144.626,144.796,3,MACD 강도 통과; EMA 하락추세; 캔들 음봉
2025-04-04 12:00:00+00:00,USDJPY,SELL,145.132,145.032,145.202,3,MACD 강도 통과; EMA 하락추세; 캔들 음봉
2025-04-04 13:00:00+00:00,USDJPY,SELL,145.412,145.312,145.482,3,MACD 강도 통과; EMA 하락추세; 캔들 음봉
2025-04-04 14:00:00+00:00,USDJPY,SELL,145.339,145.239,145.409,3,MACD 강도 통과; EMA 하락추세; 캔들 음봉
2025-04-04 16:00:00+00:00,USDJPY,BUY,146.166,146.266,146.096,3,MACD 강도 통과; EMA 상승추세; 캔들 양봉
2025-04-04 17:00:00+00:00,USDJPY,BUY,146.926,147.02599999999998,146.856,3,MACD 강도 통과; EMA 상승추세; 캔들 양봉
2025-04-04 18:30:00+00:00,USDJPY,BUY,146.899,146.999,146.829,3,MACD 강도 통과; EMA 상승추세; 캔들 양봉
2025-04-04 20:00:00+00:00,USDJPY,BUY,146.96,147.06,146.89000000000001,3,MACD 강도 통과; EMA 상승추세; 캔들 양봉
2025-04-06 22:00:00+00:00,USDJPY,SELL,145.403,145.303,145.47299999999998,3,MACD 강도 통과; EMA 하락추세; 캔들 음봉
2025-04-07 11:00:00+00:00,USDJPY,BUY,146.348,146.448,146.27800000000002,3,MACD 강도 통과; EMA 상승추세; 캔들 양봉
2025-04-07 12:00:00+00:00,USDJPY,BUY,146.954,147.054,146.88400000000001,3,MACD 강도 통과; EMA 상승추세; 캔들 양봉
2025-04-07 13:30:00+00:00,USDJPY,BUY,147.06,147.16,146.99,3,MACD 강도 통과; EMA 상승추세; 캔들 양봉
2025-04-07 14:30:00+00:00,USDJPY,BUY,147.572,147.672,147.502,3,MACD 강도 통과; EMA 상승추세; 캔들 양봉
2025-04-07 15:30:00+00:00,USDJPY,BUY,147.968,148.06799999999998,147.898,3,MACD 강도 통과; EMA 상승추세; 캔들 양봉
2025-04-07 16:30:00+00:00,USDJPY,BUY,147.943,148.043,147.87300000000002,3,MACD 강도 통과; EMA 상승추세; 캔들 양봉
2025-04-07 18:00:00+00:00,USDJPY,BUY,148.035,148.135,147.965,3,MACD 강도 통과; EMA 상승추세; 캔들 양봉
2025-04-07 19:30:00+00:00,USDJPY,BUY,147.946,148.046,147.876,3,MACD 강도 통과; EMA 상승추세; 캔들 양봉
2025-04-08 11:00:00+00:00,USDJPY,SELL,146.864,146.764,146.934,3,MACD 강도 통과; EMA 하락추세; 캔들 음봉
2025-04-08 12:00:00+00:00,USDJPY,SELL,146.896,146.796,146.96599999999998,3,MACD 강도 통과; EMA 하락추세; 캔들 음봉
2025-04-08 16:00:00+00:00,USDJPY,SELL,146.852,146.752,146.922,3,MACD 강도 통과; EMA 하락추세; 캔들 음봉
2025-04-08 17:00:00+00:00,USDJPY,SELL,146.274,146.174,146.344,3,MACD 강도 통과; EMA 하락추세; 캔들 음봉
2025-04-08 18:00:00+00:00,USDJPY,SELL,146.422,146.322,146.492,3,MACD 강도 통과; EMA 하락추세; 캔들 음봉
2025-04-08 19:00:00+00:00,USDJPY,SELL,146.086,145.98600000000002,146.156,3,MACD 강도 통과; EMA 하락추세; 캔들 음봉
2025-04-08 20:30:00+00:00,USDJPY,SELL,146.28,146.18,146.35,3,MACD 강도 통과; EMA 하락추세; 캔들 음봉
2025-04-08 22:00:00+00:00,USDJPY,SELL,146.114,146.014,146.184,3,MACD 강도 통과; EMA 하락추세; 캔들 음봉
2025-04-08 23:00:00+00:00,USDJPY,SELL,145.689,145.589,145.759,3,MACD 강도 통과; EMA 하락추세; 캔들 음봉
2025-04-09 00:00:00+00:00,USDJPY,SELL,145.48,145.38,145.54999999999998,3,MACD 강도 통과; EMA 하락추세; 캔들 음봉
2025-04-09 01:00:00+00:00,USDJPY,SELL,145.328,145.228,145.398,3,MACD 강도 통과; EMA 하락추세; 캔들 음봉
2025-04-09 12:00:00+00:00,USDJPY,SELL,144.232,144.132,144.302,3,MACD 강도 통과; EMA 하락추세; 캔들 음봉
2025-04-09 17:00:00+00:00,USDJPY,BUY,146.564,146.664,146.494,3,MACD 강도 통과; EMA 상승추세; 캔들 양봉
2025-04-09 18:00:00+00:00,USDJPY,BUY,148.1,148.2,148.03,3,MACD 강도 통과; EMA 상승추세; 캔들 양봉
2025-04-09 19:00:00+00:00,USDJPY,BUY,147.8,147.9,147.73000000000002,3,MACD 강도 통과; EMA 상승추세; 캔들 양봉
2025-04-09 22:00:00+00:00,USDJPY,BUY,147.406,147.506,147.336,3,MACD 강도 통과; EMA 상승추세; 캔들 양봉
2025-04-09 23:00:00+00:00,USDJPY,BUY,147.602,147.702,147.532,3,MACD 강도 통과; EMA 상승추세; 캔들 양봉
2025-04-10 11:00:00+00:00,USDJPY,SELL,145.508,145.40800000000002,145.578,3,MACD 강도 통과; EMA 하락추세; 캔들 음봉
2025-04-10 12:00:00+00:00,USDJPY,SELL,145.384,145.284,145.45399999999998,3,MACD 강도 통과; EMA 하락추세; 캔들 음봉
2025-04-10 13:00:00+00:00,USDJPY,SELL,145.13,145.03,145.2,3,MACD 강도 통과; EMA 하락추세; 캔들 음봉
2025-04-10 14:30:00+00:00,USDJPY,SELL,144.667,144.567,144.737,3,MACD 강도 통과; EMA 하락추세; 캔들 음봉
2025-04-10 16:00:00+00:00,USDJPY,SELL,144.162,144.062,144.232,3,MACD 강도 통과; EMA 하락추세; 캔들 음봉
2025-04-10 23:30:00+00:00,USDJPY,SELL,143.752,143.65200000000002,143.822,3,MACD 강도 통과; EMA 하락추세; 캔들 음봉
2025-04-11 15:30:00+00:00,USDJPY,BUY,143.583,143.683,143.513,3,MACD 강도 통과; EMA 상승추세; 캔들 양봉
2025-04-11 17:00:00+00:00,USDJPY,BUY,143.864,143.964,143.794,3,MACD 강도 통과; EMA 상승추세; 캔들 양봉
2025-04-13 22:30:00+00:00,USDJPY,BUY,143.662,143.762,143.592,3,MACD 강도 통과; EMA 상승추세; 캔들 양봉
2025-04-14 00:30:00+00:00,USDJPY,SELL,142.909,142.809,142.97899999999998,3,MACD 강도 통과; EMA 하락추세; 캔들 음봉
2025-04-14 11:00:00+00:00,USDJPY,BUY,143.162,143.262,143.092,3,MACD 강도 통과; EMA 상승추세; 캔들 양봉
2025-04-14 12:00:00+00:00,USDJPY,BUY,143.426,143.52599999999998,143.356,3,MACD 강도 통과; EMA 상승추세; 캔들 양봉
2025-04-14 13:00:00+00:00,USDJPY,BUY,143.97,144.07,143.9,3,MACD 강도 통과; EMA 상승추세; 캔들 양봉
2025-04-14 17:00:00+00:00,USDJPY,SELL,143.0,142.9,143.07,3,MACD 강도 통과; EMA 하락추세; 캔들 음봉
2025-04-14 18:00:00+00:00,USDJPY,SELL,143.048,142.948,143.118,3,MACD 강도 통과; EMA 하락추세; 캔들 음봉
2025-04-14 19:00:00+00:00,USDJPY,SELL,142.89,142.79,142.95999999999998,3,MACD 강도 통과; EMA 하락추세; 캔들 음봉
2025-04-14 20:30:00+00:00,USDJPY,SELL,143.024,142.924,143.094,3,MACD 강도 통과; EMA 하락추세; 캔들 음봉
2025-04-14 21:30:00+00:00,USDJPY,SELL,142.995,142.895,143.065,3,MACD 강도 통과; EMA 하락추세; 캔들 음봉
2025-04-15 00:00:00+00:00,USDJPY,BUY,143.426,143.52599999999998,143.356,3,MACD 강도 통과; EMA 상승추세; 캔들 양봉
2025-04-15 01:30:00+00:00,USDJPY,BUY,143.374,143.474,143.304,3,MACD 강도 통과; EMA 상승추세; 캔들 양봉
2025-04-15 11:30:00+00:00,USDJPY,SELL,142.901,142.80100000000002,142.971,3,MACD 강도 통과; EMA 하락추세; 캔들 음봉
2025-04-15 14:00:00+00:00,USDJPY,SELL,142.877,142.77700000000002,142.947,3,MACD 강도 통과; EMA 하락추세; 캔들 음봉
2025-04-15 17:30:00+00:00,USDJPY,BUY,143.12,143.22,143.05,3,MACD 강도 통과; EMA 상승추세; 캔들 양봉
2025-04-15 18:30:00+00:00,USDJPY,BUY,143.161,143.261,143.091,3,MACD 강도 통과; EMA 상승추세; 캔들 양봉
2025-04-15 19:30:00+00:00,USDJPY,BUY,143.192,143.292,143.122,3,MACD 강도 통과; EMA 상승추세; 캔들 양봉
2025-04-15 20:30:00+00:00,USDJPY,BUY,143.252,143.352,143.18200000000002,3,MACD 강도 통과; EMA 상승추세; 캔들 양봉
2025-04-15 23:00:00+00:00,USDJPY,BUY,143.174,143.274,143.104,3,MACD 강도 통과; EMA 상승추세; 캔들 양봉
2025-04-16 00:00:00+00:00,USDJPY,SELL,142.881,142.781,142.951,3,MACD 강도 통과; EMA 하락추세; 캔들 음봉
2025-04-16 01:30:00+00:00,USDJPY,SELL,142.816,142.716,142.886,3,MACD 강도 통과; EMA 하락추세; 캔들 음봉
2025-04-16 17:30:00+00:00,USDJPY,SELL,142.358,142.258,142.428,3,MACD 강도 통과; EMA 하락추세; 캔들 음봉
2025-04-16 18:30:00+00:00,USDJPY,SELL,142.104,142.00400000000002,142.174,3,MACD 강도 통과; EMA 하락추세; 캔들 음봉
2025-04-16 20:00:00+00:00,USDJPY,SELL,142.083,141.983,142.153,3,MACD 강도 통과; EMA 하락추세; 캔들 음봉
2025-04-16 21:00:00+00:00,USDJPY,SELL,141.749,141.649,141.819,3,MACD 강도 통과; EMA 하락추세; 캔들 음봉
2025-04-16 22:30:00+00:00,USDJPY,SELL,141.846,141.746,141.916,3,MACD 강도 통과; EMA 하락추세; 캔들 음봉
2025-04-17 01:00:00+00:00,USDJPY,BUY,142.78,142.88,142.71,3,MACD 강도 통과; EMA 상승추세; 캔들 양봉
2025-04-17 12:30:00+00:00,USDJPY,SELL,142.322,142.222,142.392,3,MACD 강도 통과; EMA 하락추세; 캔들 음봉
2025-04-17 13:30:00+00:00,USDJPY,SELL,142.142,142.042,142.212,3,MACD 강도 통과; EMA 하락추세; 캔들 음봉
2025-04-17 15:00:00+00:00,USDJPY,SELL,142.148,142.048,142.218,3,MACD 강도 통과; EMA 하락추세; 캔들 음봉
2025-04-17 16:30:00+00:00,USDJPY,SELL,142.466,142.366,142.536,3,MACD 강도 통과; EMA 하락추세; 캔들 음봉
2025-04-17 23:30:00+00:00,USDJPY,SELL,142.345,142.245,142.415,3,MACD 강도 통과; EMA 하락추세; 캔들 음봉
2025-04-18 01:00:00+00:00,USDJPY,SELL,142.396,142.296,142.46599999999998,3,MACD 강도 통과; EMA 하락추세; 캔들 음봉
2025-04-18 12:00:00+00:00,USDJPY,SELL,142.305,142.205,142.375,3,MACD 강도 통과; EMA 하락추세; 캔들 음봉
2025-04-18 14:00:00+00:00,USDJPY,SELL,142.316,142.216,142.386,3,MACD 강도 통과; EMA 하락추세; 캔들 음봉
2025-04-18 15:00:00+00:00,USDJPY,SELL,142.283,142.183,142.35299999999998,3,MACD 강도 통과; EMA 하락추세; 캔들 음봉
2025-04-18 16:00:00+00:00,USDJPY,SELL,142.128,142.028,142.19799999999998,3,MACD 강도 통과; EMA 하락추세; 캔들 음봉
2025-04-18 17:00:00+00:00,USDJPY,SELL,142.209,142.109,142.279,3,MACD 강도 통과; EMA 하락추세; 캔들 음봉
2025-04-18 18:00:00+00:00,USDJPY,SELL,142.174,142.074,142.244,3,MACD 강도 통과; EMA 하락추세; 캔들 음봉
2025-04-18 19:00:00+00:00,USDJPY,SELL,142.15,142.05,142.22,3,MACD 강도 통과; EMA 하락추세; 캔들 음봉
2025-04-18 20:30:00+00:00,USDJPY,SELL,142.173,142.073,142.243,3,MACD 강도 통과; EMA 하락추세; 캔들 음봉
2025-04-20 21:00:00+00:00,USDJPY,SELL,141.793,141.693,141.863,3,MACD 강도 통과; EMA 하락추세; 캔들 음봉
2025-04-20 22:00:00+00:00,USDJPY,SELL,141.846,141.746,141.916,3,MACD 강도 통과; EMA 하락추세; 캔들 음봉
2025-04-20 23:00:00+00:00,USDJPY,SELL,141.614,141.514,141.684,3,MACD 강도 통과; EMA 하락추세; 캔들 음봉
2025-04-21 00:00:00+00:00,USDJPY,SELL,141.363,141.263,141.433,3,MACD 강도 통과; EMA 하락추세; 캔들 음봉
2025-04-21 01:00:00+00:00,USDJPY,SELL,141.03,140.93,141.1,3,MACD 강도 통과; EMA 하락추세; 캔들 음봉
2025-04-22 00:00:00+00:00,USDJPY,BUY,141.05,141.15,140.98000000000002,3,MACD 강도 통과; EMA 상승추세; 캔들 양봉
2025-04-22 01:00:00+00:00,USDJPY,BUY,140.942,141.042,140.872,3,MACD 강도 통과; EMA 상승추세; 캔들 양봉
2025-04-22 13:00:00+00:00,USDJPY,BUY,140.638,140.738,140.568,3,MACD 강도 통과; EMA 상승추세; 캔들 양봉
2025-04-22 14:00:00+00:00,USDJPY,BUY,140.812,140.912,140.74200000000002,3,MACD 강도 통과; EMA 상승추세; 캔들 양봉
2025-04-22 15:00:00+00:00,USDJPY,BUY,140.818,140.918,140.74800000000002,3,MACD 강도 통과; EMA 상승추세; 캔들 양봉
2025-04-22 16:00:00+00:00,USDJPY,BUY,141.109,141.209,141.03900000000002,3,MACD 강도 통과; EMA 상승추세; 캔들 양봉
2025-04-22 17:30:00+00:00,USDJPY,BUY,141.114,141.214,141.044,3,MACD 강도 통과; EMA 상승추세; 캔들 양봉
2025-04-22 18:30:00+00:00,USDJPY,BUY,141.496,141.596,141.42600000000002,3,MACD 강도 통과; EMA 상승추세; 캔들 양봉
2025-04-22 19:30:00+00:00,USDJPY,BUY,141.611,141.71099999999998,141.541,3,MACD 강도 통과; EMA 상승추세; 캔들 양봉
2025-04-22 20:30:00+00:00,USDJPY,BUY,141.602,141.702,141.532,3,MACD 강도 통과; EMA 상승추세; 캔들 양봉
2025-04-22 21:30:00+00:00,USDJPY,BUY,142.632,142.732,142.562,3,MACD 강도 통과; EMA 상승추세; 캔들 양봉
2025-04-22 22:30:00+00:00,USDJPY,BUY,143.014,143.114,142.94400000000002,3,MACD 강도 통과; EMA 상승추세; 캔들 양봉
2025-04-23 11:30:00+00:00,USDJPY,SELL,141.654,141.554,141.724,3,MACD 강도 통과; EMA 하락추세; 캔들 음봉
2025-04-23 13:30:00+00:00,USDJPY,BUY,142.694,142.79399999999998,142.624,3,MACD 강도 통과; EMA 상승추세; 캔들 양봉
2025-04-23 14:30:00+00:00,USDJPY,BUY,142.635,142.73499999999999,142.565,3,MACD 강도 통과; EMA 상승추세; 캔들 양봉
2025-04-23 15:30:00+00:00,USDJPY,BUY,142.646,142.74599999999998,142.576,3,MACD 강도 통과; EMA 상승추세; 캔들 양봉
2025-04-23 16:30:00+00:00,USDJPY,BUY,143.022,143.12199999999999,142.952,3,MACD 강도 통과; EMA 상승추세; 캔들 양봉
2025-04-23 17:30:00+00:00,USDJPY,BUY,143.239,143.339,143.169,3,MACD 강도 통과; EMA 상승추세; 캔들 양봉
2025-04-23 19:30:00+00:00,USDJPY,BUY,143.396,143.49599999999998,143.326,3,MACD 강도 통과; EMA 상승추세; 캔들 양봉
2025-04-24 11:00:00+00:00,USDJPY,SELL,142.374,142.274,142.444,3,MACD 강도 통과; EMA 하락추세; 캔들 음봉
2025-04-24 12:00:00+00:00,USDJPY,SELL,142.553,142.453,142.623,3,MACD 강도 통과; EMA 하락추세; 캔들 음봉
2025-04-24 14:00:00+00:00,USDJPY,SELL,142.478,142.37800000000001,142.548,3,MACD 강도 통과; EMA 하락추세; 캔들 음봉
2025-04-24 17:00:00+00:00,USDJPY,BUY,142.724,142.82399999999998,142.654,3,MACD 강도 통과; EMA 상승추세; 캔들 양봉
2025-04-24 18:00:00+00:00,USDJPY,BUY,142.804,142.904,142.734,3,MACD 강도 통과; EMA 상승추세; 캔들 양봉
2025-04-24 19:30:00+00:00,USDJPY,BUY,142.698,142.798,142.62800000000001,3,MACD 강도 통과; EMA 상승추세; 캔들 양봉
2025-04-24 20:30:00+00:00,USDJPY,BUY,142.628,142.72799999999998,142.558,3,MACD 강도 통과; EMA 상승추세; 캔들 양봉
2025-04-24 21:30:00+00:00,USDJPY,BUY,142.714,142.814,142.644,3,MACD 강도 통과; EMA 상승추세; 캔들 양봉
2025-04-24 23:00:00+00:00,USDJPY,BUY,142.904,143.004,142.834,3,MACD 강도 통과; EMA 상승추세; 캔들 양봉
2025-04-25 00:00:00+00:00,USDJPY,BUY,143.022,143.12199999999999,142.952,3,MACD 강도 통과; EMA 상승추세; 캔들 양봉
2025-04-25 01:30:00+00:00,USDJPY,BUY,142.966,143.066,142.89600000000002,3,MACD 강도 통과; EMA 상승추세; 캔들 양봉
2025-04-25 14:30:00+00:00,USDJPY,BUY,143.984,144.084,143.91400000000002,3,MACD 강도 통과; EMA 상승추세; 캔들 양봉
2025-04-25 16:00:00+00:00,USDJPY,BUY,143.764,143.864,143.69400000000002,3,MACD 강도 통과; EMA 상승추세; 캔들 양봉
2025-04-27 23:30:00+00:00,USDJPY,BUY,143.852,143.952,143.782,3,MACD 강도 통과; EMA 상승추세; 캔들 양봉
2025-04-28 11:30:00+00:00,USDJPY,SELL,143.374,143.274,143.444,3,MACD 강도 통과; EMA 하락추세; 캔들 음봉
2025-04-28 13:00:00+00:00,USDJPY,SELL,143.315,143.215,143.385,3,MACD 강도 통과; EMA 하락추세; 캔들 음봉
2025-04-28 14:00:00+00:00,USDJPY,SELL,142.974,142.874,143.04399999999998,3,MACD 강도 통과; EMA 하락추세; 캔들 음봉
2025-04-28 15:00:00+00:00,USDJPY,SELL,142.691,142.591,142.761,3,MACD 강도 통과; EMA 하락추세; 캔들 음봉
2025-04-28 16:00:00+00:00,USDJPY,SELL,142.59,142.49,142.66,3,MACD 강도 통과; EMA 하락추세; 캔들 음봉
2025-04-28 17:00:00+00:00,USDJPY,SELL,142.182,142.082,142.25199999999998,3,MACD 강도 통과; EMA 하락추세; 캔들 음봉
2025-04-28 18:00:00+00:00,USDJPY,SELL,142.276,142.17600000000002,142.346,3,MACD 강도 통과; EMA 하락추세; 캔들 음봉
2025-04-28 19:30:00+00:00,USDJPY,SELL,142.068,141.96800000000002,142.138,3,MACD 강도 통과; EMA 하락추세; 캔들 음봉
2025-04-28 20:30:00+00:00,USDJPY,SELL,142.024,141.924,142.094,3,MACD 강도 통과; EMA 하락추세; 캔들 음봉
2025-04-28 21:30:00+00:00,USDJPY,SELL,142.078,141.978,142.148,3,MACD 강도 통과; EMA 하락추세; 캔들 음봉
2025-04-29 11:30:00+00:00,USDJPY,BUY,142.74,142.84,142.67000000000002,3,MACD 강도 통과; EMA 상승추세; 캔들 양봉
2025-04-29 13:00:00+00:00,USDJPY,SELL,142.214,142.114,142.284,3,MACD 강도 통과; EMA 하락추세; 캔들 음봉
2025-04-29 14:00:00+00:00,USDJPY,SELL,142.127,142.02700000000002,142.197,3,MACD 강도 통과; EMA 하락추세; 캔들 음봉
2025-04-29 15:00:00+00:00,USDJPY,SELL,142.212,142.112,142.28199999999998,3,MACD 강도 통과; EMA 하락추세; 캔들 음봉
2025-04-29 16:00:00+00:00,USDJPY,SELL,142.09,141.99,142.16,3,MACD 강도 통과; EMA 하락추세; 캔들 음봉
2025-04-29 18:30:00+00:00,USDJPY,SELL,142.285,142.185,142.355,3,MACD 강도 통과; EMA 하락추세; 캔들 음봉
2025-04-30 01:30:00+00:00,USDJPY,BUY,142.448,142.548,142.37800000000001,3,MACD 강도 통과; EMA 상승추세; 캔들 양봉
2025-04-30 17:00:00+00:00,USDJPY,SELL,142.652,142.552,142.72199999999998,3,MACD 강도 통과; EMA 하락추세; 캔들 음봉
2025-04-30 20:00:00+00:00,USDJPY,BUY,143.079,143.179,143.00900000000001,3,MACD 강도 통과; EMA 상승추세; 캔들 양봉
2025-04-30 21:00:00+00:00,USDJPY,BUY,143.028,143.128,142.958,3,MACD 강도 통과; EMA 상승추세; 캔들 양봉
2025-04-30 22:00:00+00:00,USDJPY,BUY,142.999,143.099,142.929,3,MACD 강도 통과; EMA 상승추세; 캔들 양봉
2025-04-30 23:30:00+00:00,USDJPY,BUY,143.02,143.12,142.95000000000002,3,MACD 강도 통과; EMA 상승추세; 캔들 양봉
2025-05-01 01:00:00+00:00,USDJPY,BUY,143.056,143.156,142.98600000000002,3,MACD 강도 통과; EMA 상승추세; 캔들 양봉
2025-05-01 14:00:00+00:00,USDJPY,BUY,145.108,145.208,145.038,3,MACD 강도 통과; EMA 상승추세; 캔들 양봉
2025-05-01 15:00:00+00:00,USDJPY,BUY,145.374,145.474,145.304,3,MACD 강도 통과; EMA 상승추세; 캔들 양봉
2025-05-01 17:00:00+00:00,USDJPY,BUY,145.558,145.658,145.488,3,MACD 강도 통과; EMA 상승추세; 캔들 양봉
2025-05-01 18:00:00+00:00,USDJPY,BUY,145.67,145.76999999999998,145.6,3,MACD 강도 통과; EMA 상승추세; 캔들 양봉
2025-05-02 11:00:00+00:00,USDJPY,SELL,144.503,144.403,144.57299999999998,3,MACD 강도 통과; EMA 하락추세; 캔들 음봉
2025-05-02 12:00:00+00:00,USDJPY,SELL,144.49,144.39000000000001,144.56,3,MACD 강도 통과; EMA 하락추세; 캔들 음봉
2025-05-02 13:00:00+00:00,USDJPY,SELL,144.184,144.084,144.254,3,MACD 강도 통과; EMA 하락추세; 캔들 음봉
2025-05-02 14:30:00+00:00,USDJPY,SELL,144.013,143.913,144.083,3,MACD 강도 통과; EMA 하락추세; 캔들 음봉
2025-05-02 18:30:00+00:00,USDJPY,BUY,145.028,145.128,144.958,3,MACD 강도 통과; EMA 상승추세; 캔들 양봉
2025-05-02 20:00:00+00:00,USDJPY,BUY,145.034,145.134,144.964,3,MACD 강도 통과; EMA 상승추세; 캔들 양봉
2025-05-04 21:00:00+00:00,USDJPY,BUY,144.803,144.903,144.733,3,MACD 강도 통과; EMA 상승추세; 캔들 양봉
2025-05-05 00:00:00+00:00,USDJPY,BUY,144.776,144.876,144.70600000000002,3,MACD 강도 통과; EMA 상승추세; 캔들 양봉
2025-05-05 01:00:00+00:00,USDJPY,SELL,144.146,144.046,144.21599999999998,3,MACD 강도 통과; EMA 하락추세; 캔들 음봉
2025-05-05 11:00:00+00:00,USDJPY,SELL,143.834,143.734,143.904,3,MACD 강도 통과; EMA 하락추세; 캔들 음봉
2025-05-05 12:00:00+00:00,USDJPY,SELL,143.745,143.645,143.815,3,MACD 강도 통과; EMA 하락추세; 캔들 음봉
2025-05-05 18:00:00+00:00,USDJPY,BUY,144.112,144.212,144.042,3,MACD 강도 통과; EMA 상승추세; 캔들 양봉
2025-05-05 20:30:00+00:00,USDJPY,SELL,143.7,143.6,143.76999999999998,3,MACD 강도 통과; EMA 하락추세; 캔들 음봉
2025-05-05 21:30:00+00:00,USDJPY,SELL,143.717,143.61700000000002,143.787,3,MACD 강도 통과; EMA 하락추세; 캔들 음봉
2025-05-05 22:30:00+00:00,USDJPY,SELL,143.747,143.64700000000002,143.817,3,MACD 강도 통과; EMA 하락추세; 캔들 음봉
2025-05-06 01:00:00+00:00,USDJPY,BUY,144.184,144.284,144.114,3,MACD 강도 통과; EMA 상승추세; 캔들 양봉
2025-05-06 11:00:00+00:00,USDJPY,SELL,142.942,142.842,143.012,3,MACD 강도 통과; EMA 하락추세; 캔들 음봉
2025-05-06 12:30:00+00:00,USDJPY,SELL,142.52,142.42000000000002,142.59,3,MACD 강도 통과; EMA 하락추세; 캔들 음봉
2025-05-06 13:30:00+00:00,USDJPY,SELL,142.47,142.37,142.54,3,MACD 강도 통과; EMA 하락추세; 캔들 음봉
2025-05-06 15:00:00+00:00,USDJPY,SELL,142.847,142.747,142.917,3,MACD 강도 통과; EMA 하락추세; 캔들 음봉
2025-05-06 19:00:00+00:00,USDJPY,SELL,142.386,142.286,142.456,3,MACD 강도 통과; EMA 하락추세; 캔들 음봉
2025-05-07 00:00:00+00:00,USDJPY,BUY,143.22,143.32,143.15,3,MACD 강도 통과; EMA 상승추세; 캔들 양봉
2025-05-07 01:00:00+00:00,USDJPY,BUY,143.049,143.149,142.979,3,MACD 강도 통과; EMA 상승추세; 캔들 양봉
2025-05-07 11:00:00+00:00,USDJPY,BUY,143.29,143.39,143.22,3,MACD 강도 통과; EMA 상승추세; 캔들 양봉
2025-05-07 15:30:00+00:00,USDJPY,BUY,143.476,143.576,143.406,3,MACD 강도 통과; EMA 상승추세; 캔들 양봉
2025-05-07 17:00:00+00:00,USDJPY,BUY,143.536,143.636,143.466,3,MACD 강도 통과; EMA 상승추세; 캔들 양봉
2025-05-07 19:00:00+00:00,USDJPY,BUY,143.654,143.754,143.584,3,MACD 강도 통과; EMA 상승추세; 캔들 양봉
2025-05-07 20:00:00+00:00,USDJPY,BUY,143.896,143.99599999999998,143.826,3,MACD 강도 통과; EMA 상승추세; 캔들 양봉
2025-05-07 21:30:00+00:00,USDJPY,BUY,143.78,143.88,143.71,3,MACD 강도 통과; EMA 상승추세; 캔들 양봉
2025-05-07 22:30:00+00:00,USDJPY,BUY,143.882,143.982,143.812,3,MACD 강도 통과; EMA 상승추세; 캔들 양봉
2025-05-07 23:30:00+00:00,USDJPY,BUY,143.865,143.965,143.79500000000002,3,MACD 강도 통과; EMA 상승추세; 캔들 양봉
2025-05-08 00:30:00+00:00,USDJPY,BUY,143.854,143.954,143.78400000000002,3,MACD 강도 통과; EMA 상승추세; 캔들 양봉
2025-05-08 12:00:00+00:00,USDJPY,BUY,144.684,144.784,144.614,3,MACD 강도 통과; EMA 상승추세; 캔들 양봉
2025-05-08 15:00:00+00:00,USDJPY,BUY,145.109,145.209,145.03900000000002,3,MACD 강도 통과; EMA 상승추세; 캔들 양봉
2025-05-08 16:00:00+00:00,USDJPY,BUY,145.666,145.766,145.596,3,MACD 강도 통과; EMA 상승추세; 캔들 양봉
2025-05-08 17:00:00+00:00,USDJPY,BUY,145.858,145.958,145.788,3,MACD 강도 통과; EMA 상승추세; 캔들 양봉
2025-05-08 18:00:00+00:00,USDJPY,BUY,145.876,145.976,145.806,3,MACD 강도 통과; EMA 상승추세; 캔들 양봉
2025-05-08 19:00:00+00:00,USDJPY,BUY,146.166,146.266,146.096,3,MACD 강도 통과; EMA 상승추세; 캔들 양봉
2025-05-08 20:30:00+00:00,USDJPY,BUY,145.909,146.009,145.839,3,MACD 강도 통과; EMA 상승추세; 캔들 양봉
2025-05-09 11:00:00+00:00,USDJPY,SELL,145.116,145.01600000000002,145.186,3,MACD 강도 통과; EMA 하락추세; 캔들 음봉
2025-05-09 13:00:00+00:00,USDJPY,SELL,145.034,144.934,145.10399999999998,3,MACD 강도 통과; EMA 하락추세; 캔들 음봉
2025-05-09 14:00:00+00:00,USDJPY,SELL,144.918,144.818,144.988,3,MACD 강도 통과; EMA 하락추세; 캔들 음봉
2025-05-09 20:00:00+00:00,USDJPY,BUY,145.314,145.414,145.244,3,MACD 강도 통과; EMA 상승추세; 캔들 양봉
2025-05-11 21:00:00+00:00,USDJPY,BUY,146.214,146.314,146.144,3,MACD 강도 통과; EMA 상승추세; 캔들 양봉
2025-05-11 23:30:00+00:00,USDJPY,BUY,145.843,145.94299999999998,145.773,3,MACD 강도 통과; EMA 상승추세; 캔들 양봉
2025-05-12 00:30:00+00:00,USDJPY,BUY,145.908,146.00799999999998,145.838,3,MACD 강도 통과; EMA 상승추세; 캔들 양봉
2025-05-12 12:00:00+00:00,USDJPY,BUY,148.225,148.325,148.155,3,MACD 강도 통과; EMA 상승추세; 캔들 양봉
2025-05-13 01:30:00+00:00,USDJPY,SELL,147.839,147.739,147.909,3,MACD 강도 통과; EMA 하락추세; 캔들 음봉
2025-05-13 11:30:00+00:00,USDJPY,BUY,148.117,148.21699999999998,148.047,3,MACD 강도 통과; EMA 상승추세; 캔들 양봉
2025-05-13 14:30:00+00:00,USDJPY,SELL,147.842,147.74200000000002,147.912,3,MACD 강도 통과; EMA 하락추세; 캔들 음봉
2025-05-13 15:30:00+00:00,USDJPY,SELL,147.756,147.656,147.826,3,MACD 강도 통과; EMA 하락추세; 캔들 음봉
2025-05-13 16:30:00+00:00,USDJPY,SELL,147.611,147.511,147.68099999999998,3,MACD 강도 통과; EMA 하락추세; 캔들 음봉
2025-05-13 17:30:00+00:00,USDJPY,SELL,147.613,147.513,147.683,3,MACD 강도 통과; EMA 하락추세; 캔들 음봉
2025-05-13 18:30:00+00:00,USDJPY,SELL,147.503,147.403,147.57299999999998,3,MACD 강도 통과; EMA 하락추세; 캔들 음봉
2025-05-13 19:30:00+00:00,USDJPY,SELL,147.43,147.33,147.5,3,MACD 강도 통과; EMA 하락추세; 캔들 음봉
2025-05-13 21:00:00+00:00,USDJPY,SELL,147.474,147.374,147.54399999999998,3,MACD 강도 통과; EMA 하락추세; 캔들 음봉
2025-05-13 22:00:00+00:00,USDJPY,SELL,147.402,147.302,147.47199999999998,3,MACD 강도 통과; EMA 하락추세; 캔들 음봉
2025-05-14 01:00:00+00:00,USDJPY,SELL,147.056,146.95600000000002,147.126,3,MACD 강도 통과; EMA 하락추세; 캔들 음봉
2025-05-14 12:30:00+00:00,USDJPY,SELL,146.194,146.094,146.26399999999998,3,MACD 강도 통과; EMA 하락추세; 캔들 음봉
2025-05-14 18:00:00+00:00,USDJPY,BUY,146.773,146.873,146.703,3,MACD 강도 통과; EMA 상승추세; 캔들 양봉
2025-05-14 19:00:00+00:00,USDJPY,BUY,146.754,146.85399999999998,146.684,3,MACD 강도 통과; EMA 상승추세; 캔들 양봉
2025-05-14 20:00:00+00:00,USDJPY,BUY,146.821,146.921,146.751,3,MACD 강도 통과; EMA 상승추세; 캔들 양봉
2025-05-14 22:00:00+00:00,USDJPY,BUY,146.646,146.74599999999998,146.576,3,MACD 강도 통과; EMA 상승추세; 캔들 양봉
2025-05-14 23:30:00+00:00,USDJPY,BUY,146.642,146.742,146.572,3,MACD 강도 통과; EMA 상승추세; 캔들 양봉
2025-05-15 00:30:00+00:00,USDJPY,SELL,146.217,146.11700000000002,146.287,3,MACD 강도 통과; EMA 하락추세; 캔들 음봉
2025-05-15 16:00:00+00:00,USDJPY,SELL,145.598,145.49800000000002,145.668,3,MACD 강도 통과; EMA 하락추세; 캔들 음봉
2025-05-16 00:00:00+00:00,USDJPY,SELL,145.312,145.21200000000002,145.382,3,MACD 강도 통과; EMA 하락추세; 캔들 음봉
2025-05-16 11:00:00+00:00,USDJPY,BUY,145.573,145.673,145.50300000000001,3,MACD 강도 통과; EMA 상승추세; 캔들 양봉
2025-05-16 13:00:00+00:00,USDJPY,BUY,145.58,145.68,145.51000000000002,3,MACD 강도 통과; EMA 상승추세; 캔들 양봉
2025-05-16 14:00:00+00:00,USDJPY,BUY,145.808,145.908,145.738,3,MACD 강도 통과; EMA 상승추세; 캔들 양봉
2025-05-16 15:00:00+00:00,USDJPY,BUY,145.983,146.083,145.913,3,MACD 강도 통과; EMA 상승추세; 캔들 양봉
2025-05-16 17:00:00+00:00,USDJPY,BUY,145.962,146.06199999999998,145.892,3,MACD 강도 통과; EMA 상승추세; 캔들 양봉
2025-05-16 18:30:00+00:00,USDJPY,BUY,145.901,146.001,145.83100000000002,3,MACD 강도 통과; EMA 상승추세; 캔들 양봉
2025-05-16 19:30:00+00:00,USDJPY,BUY,145.962,146.06199999999998,145.892,3,MACD 강도 통과; EMA 상승추세; 캔들 양봉
2025-05-18 22:00:00+00:00,USDJPY,SELL,145.032,144.93200000000002,145.102,3,MACD 강도 통과; EMA 하락추세; 캔들 음봉
2025-05-19 00:00:00+00:00,USDJPY,SELL,145.195,145.095,145.265,3,MACD 강도 통과; EMA 하락추세; 캔들 음봉
2025-05-19 18:00:00+00:00,USDJPY,BUY,145.076,145.176,145.006,3,MACD 강도 통과; EMA 상승추세; 캔들 양봉
2025-05-19 20:30:00+00:00,USDJPY,SELL,144.854,144.75400000000002,144.924,3,MACD 강도 통과; EMA 하락추세; 캔들 음봉
2025-05-20 00:00:00+00:00,USDJPY,BUY,145.427,145.527,145.357,3,MACD 강도 통과; EMA 상승추세; 캔들 양봉
2025-05-20 01:30:00+00:00,USDJPY,BUY,144.898,144.998,144.828,3,MACD 강도 통과; EMA 상승추세; 캔들 양봉
2025-05-20 13:00:00+00:00,USDJPY,BUY,144.887,144.987,144.817,3,MACD 강도 통과; EMA 상승추세; 캔들 양봉
2025-05-20 15:00:00+00:00,USDJPY,BUY,144.602,144.702,144.532,3,MACD 강도 통과; EMA 상승추세; 캔들 양봉
2025-05-20 16:00:00+00:00,USDJPY,BUY,144.779,144.879,144.709,3,MACD 강도 통과; EMA 상승추세; 캔들 양봉
2025-05-20 19:00:00+00:00,USDJPY,SELL,144.467,144.36700000000002,144.537,3,MACD 강도 통과; EMA 하락추세; 캔들 음봉
2025-05-20 20:00:00+00:00,USDJPY,SELL,144.458,144.358,144.528,3,MACD 강도 통과; EMA 하락추세; 캔들 음봉
2025-05-20 21:30:00+00:00,USDJPY,SELL,144.492,144.392,144.56199999999998,3,MACD 강도 통과; EMA 하락추세; 캔들 음봉
2025-05-20 23:00:00+00:00,USDJPY,SELL,144.382,144.282,144.452,3,MACD 강도 통과; EMA 하락추세; 캔들 음봉
2025-05-21 00:00:00+00:00,USDJPY,SELL,144.196,144.096,144.266,3,MACD 강도 통과; EMA 하락추세; 캔들 음봉
2025-05-21 01:30:00+00:00,USDJPY,SELL,144.212,144.112,144.28199999999998,3,MACD 강도 통과; EMA 하락추세; 캔들 음봉
2025-05-21 17:00:00+00:00,USDJPY,SELL,143.327,143.227,143.397,3,MACD 강도 통과; EMA 하락추세; 캔들 음봉
2025-05-21 22:00:00+00:00,USDJPY,BUY,144.228,144.328,144.15800000000002,3,MACD 강도 통과; EMA 상승추세; 캔들 양봉
2025-05-22 01:00:00+00:00,USDJPY,SELL,143.256,143.156,143.326,3,MACD 강도 통과; EMA 하락추세; 캔들 음봉
2025-05-22 12:30:00+00:00,USDJPY,BUY,143.554,143.654,143.484,3,MACD 강도 통과; EMA 상승추세; 캔들 양봉
2025-05-22 13:30:00+00:00,USDJPY,BUY,143.886,143.986,143.816,3,MACD 강도 통과; EMA 상승추세; 캔들 양봉
2025-05-22 15:00:00+00:00,USDJPY,BUY,143.78,143.88,143.71,3,MACD 강도 통과; EMA 상승추세; 캔들 양봉
2025-05-22 16:00:00+00:00,USDJPY,BUY,144.004,144.10399999999998,143.934,3,MACD 강도 통과; EMA 상승추세; 캔들 양봉
2025-05-22 17:00:00+00:00,USDJPY,BUY,144.28,144.38,144.21,3,MACD 강도 통과; EMA 상승추세; 캔들 양봉
2025-05-23 01:00:00+00:00,USDJPY,SELL,143.806,143.70600000000002,143.876,3,MACD 강도 통과; EMA 하락추세; 캔들 음봉
2025-05-23 11:00:00+00:00,USDJPY,SELL,143.166,143.066,143.236,3,MACD 강도 통과; EMA 하락추세; 캔들 음봉
2025-05-23 12:30:00+00:00,USDJPY,SELL,142.61,142.51000000000002,142.68,3,MACD 강도 통과; EMA 하락추세; 캔들 음봉
2025-05-23 14:00:00+00:00,USDJPY,SELL,142.645,142.54500000000002,142.715,3,MACD 강도 통과; EMA 하락추세; 캔들 음봉
2025-05-23 15:30:00+00:00,USDJPY,SELL,142.617,142.517,142.68699999999998,3,MACD 강도 통과; EMA 하락추세; 캔들 음봉
2025-05-23 16:30:00+00:00,USDJPY,SELL,142.644,142.544,142.714,3,MACD 강도 통과; EMA 하락추세; 캔들 음봉
2025-05-23 18:00:00+00:00,USDJPY,SELL,142.482,142.382,142.552,3,MACD 강도 통과; EMA 하락추세; 캔들 음봉
2025-05-26 11:00:00+00:00,USDJPY,BUY,142.931,143.031,142.86100000000002,3,MACD 강도 통과; EMA 상승추세; 캔들 양봉
2025-05-26 12:00:00+00:00,USDJPY,BUY,142.979,143.079,142.90900000000002,3,MACD 강도 통과; EMA 상승추세; 캔들 양봉
2025-05-26 18:00:00+00:00,USDJPY,SELL,142.76,142.66,142.82999999999998,3,MACD 강도 통과; EMA 하락추세; 캔들 음봉
2025-05-26 19:00:00+00:00,USDJPY,SELL,142.76,142.66,142.82999999999998,3,MACD 강도 통과; EMA 하락추세; 캔들 음봉
2025-05-26 21:00:00+00:00,USDJPY,SELL,142.79,142.69,142.85999999999999,3,MACD 강도 통과; EMA 하락추세; 캔들 음봉
2025-05-26 22:00:00+00:00,USDJPY,SELL,142.69,142.59,142.76,3,MACD 강도 통과; EMA 하락추세; 캔들 음봉
2025-05-26 23:30:00+00:00,USDJPY,SELL,142.632,142.532,142.702,3,MACD 강도 통과; EMA 하락추세; 캔들 음봉
2025-05-27 00:30:00+00:00,USDJPY,SELL,142.28,142.18,142.35,3,MACD 강도 통과; EMA 하락추세; 캔들 음봉
2025-05-27 13:30:00+00:00,USDJPY,BUY,144.172,144.272,144.102,3,MACD 강도 통과; EMA 상승추세; 캔들 양봉
2025-05-27 14:30:00+00:00,USDJPY,BUY,144.392,144.492,144.322,3,MACD 강도 통과; EMA 상승추세; 캔들 양봉
2025-05-27 15:30:00+00:00,USDJPY,BUY,144.382,144.482,144.312,3,MACD 강도 통과; EMA 상승추세; 캔들 양봉
2025-05-28 11:00:00+00:00,USDJPY,SELL,144.256,144.156,144.326,3,MACD 강도 통과; EMA 하락추세; 캔들 음봉
2025-05-28 12:30:00+00:00,USDJPY,BUY,144.514,144.614,144.44400000000002,3,MACD 강도 통과; EMA 상승추세; 캔들 양봉
2025-05-28 13:30:00+00:00,USDJPY,BUY,144.893,144.993,144.823,3,MACD 강도 통과; EMA 상승추세; 캔들 양봉
2025-05-28 14:30:00+00:00,USDJPY,BUY,144.85,144.95,144.78,3,MACD 강도 통과; EMA 상승추세; 캔들 양봉
2025-05-28 15:30:00+00:00,USDJPY,BUY,145.049,145.149,144.979,3,MACD 강도 통과; EMA 상승추세; 캔들 양봉
2025-05-28 17:30:00+00:00,USDJPY,BUY,144.89,144.98999999999998,144.82,3,MACD 강도 통과; EMA 상승추세; 캔들 양봉
2025-05-28 19:00:00+00:00,USDJPY,BUY,144.9,145.0,144.83,3,MACD 강도 통과; EMA 상승추세; 캔들 양봉
2025-05-28 23:00:00+00:00,USDJPY,BUY,145.394,145.494,145.324,3,MACD 강도 통과; EMA 상승추세; 캔들 양봉
2025-05-29 00:00:00+00:00,USDJPY,BUY,145.809,145.909,145.739,3,MACD 강도 통과; EMA 상승추세; 캔들 양봉
2025-05-29 11:00:00+00:00,USDJPY,SELL,144.988,144.888,145.058,3,MACD 강도 통과; EMA 하락추세; 캔들 음봉
2025-05-29 12:00:00+00:00,USDJPY,SELL,144.823,144.723,144.893,3,MACD 강도 통과; EMA 하락추세; 캔들 음봉
2025-05-29 13:00:00+00:00,USDJPY,SELL,144.312,144.21200000000002,144.382,3,MACD 강도 통과; EMA 하락추세; 캔들 음봉
2025-05-29 14:30:00+00:00,USDJPY,SELL,144.404,144.304,144.474,3,MACD 강도 통과; EMA 하락추세; 캔들 음봉
2025-05-29 15:30:00+00:00,USDJPY,SELL,144.098,143.99800000000002,144.168,3,MACD 강도 통과; EMA 하락추세; 캔들 음봉
2025-05-29 16:30:00+00:00,USDJPY,SELL,144.148,144.048,144.218,3,MACD 강도 통과; EMA 하락추세; 캔들 음봉
2025-05-29 17:30:00+00:00,USDJPY,SELL,144.05,143.95000000000002,144.12,3,MACD 강도 통과; EMA 하락추세; 캔들 음봉
2025-05-29 18:30:00+00:00,USDJPY,SELL,144.003,143.903,144.07299999999998,3,MACD 강도 통과; EMA 하락추세; 캔들 음봉
2025-05-30 00:00:00+00:00,USDJPY,SELL,143.679,143.579,143.749,3,MACD 강도 통과; EMA 하락추세; 캔들 음봉
2025-05-30 01:00:00+00:00,USDJPY,SELL,143.662,143.562,143.732,3,MACD 강도 통과; EMA 하락추세; 캔들 음봉
2025-05-30 11:00:00+00:00,USDJPY,BUY,144.016,144.11599999999999,143.946,3,MACD 강도 통과; EMA 상승추세; 캔들 양봉
2025-05-30 12:00:00+00:00,USDJPY,SELL,143.604,143.50400000000002,143.674,3,MACD 강도 통과; EMA 하락추세; 캔들 음봉
2025-05-30 14:30:00+00:00,USDJPY,BUY,144.268,144.368,144.198,3,MACD 강도 통과; EMA 상승추세; 캔들 양봉
2025-05-30 17:30:00+00:00,USDJPY,SELL,143.876,143.776,143.946,3,MACD 강도 통과; EMA 하락추세; 캔들 음봉
2025-05-30 19:30:00+00:00,USDJPY,SELL,143.879,143.779,143.94899999999998,3,MACD 강도 통과; EMA 하락추세; 캔들 음봉
2025-05-30 20:30:00+00:00,USDJPY,BUY,144.06,144.16,143.99,3,MACD 강도 통과; EMA 상승추세; 캔들 양봉
2025-06-01 21:30:00+00:00,USDJPY,SELL,143.834,143.734,143.904,3,MACD 강도 통과; EMA 하락추세; 캔들 음봉
2025-06-01 22:30:00+00:00,USDJPY,SELL,143.844,143.744,143.914,3,MACD 강도 통과; EMA 하락추세; 캔들 음봉
2025-06-01 23:30:00+00:00,USDJPY,SELL,143.796,143.696,143.86599999999999,3,MACD 강도 통과; EMA 하락추세; 캔들 음봉
2025-06-02 00:30:00+00:00,USDJPY,SELL,143.539,143.439,143.60899999999998,3,MACD 강도 통과; EMA 하락추세; 캔들 음봉
2025-06-02 11:00:00+00:00,USDJPY,SELL,142.65,142.55,142.72,3,MACD 강도 통과; EMA 하락추세; 캔들 음봉
2025-06-02 22:00:00+00:00,USDJPY,SELL,142.555,142.455,142.625,3,MACD 강도 통과; EMA 하락추세; 캔들 음봉
2025-06-02 23:00:00+00:00,USDJPY,SELL,142.518,142.418,142.588,3,MACD 강도 통과; EMA 하락추세; 캔들 음봉
2025-06-03 01:30:00+00:00,USDJPY,BUY,143.129,143.22899999999998,143.059,3,MACD 강도 통과; EMA 상승추세; 캔들 양봉
2025-06-03 11:00:00+00:00,USDJPY,BUY,143.149,143.249,143.079,3,MACD 강도 통과; EMA 상승추세; 캔들 양봉
2025-06-03 12:00:00+00:00,USDJPY,BUY,143.25,143.35,143.18,3,MACD 강도 통과; EMA 상승추세; 캔들 양봉
2025-06-03 13:00:00+00:00,USDJPY,BUY,143.431,143.531,143.36100000000002,3,MACD 강도 통과; EMA 상승추세; 캔들 양봉
2025-06-03 14:00:00+00:00,USDJPY,BUY,143.804,143.904,143.734,3,MACD 강도 통과; EMA 상승추세; 캔들 양봉
2025-06-03 15:00:00+00:00,USDJPY,BUY,143.872,143.972,143.80200000000002,3,MACD 강도 통과; EMA 상승추세; 캔들 양봉
2025-06-03 16:00:00+00:00,USDJPY,BUY,144.023,144.123,143.953,3,MACD 강도 통과; EMA 상승추세; 캔들 양봉
2025-06-03 18:00:00+00:00,USDJPY,BUY,143.888,143.988,143.818,3,MACD 강도 통과; EMA 상승추세; 캔들 양봉
2025-06-03 19:00:00+00:00,USDJPY,BUY,144.006,144.106,143.936,3,MACD 강도 통과; EMA 상승추세; 캔들 양봉
2025-06-04 11:00:00+00:00,USDJPY,BUY,144.253,144.35299999999998,144.183,3,MACD 강도 통과; EMA 상승추세; 캔들 양봉
2025-06-04 12:30:00+00:00,USDJPY,SELL,143.556,143.45600000000002,143.626,3,MACD 강도 통과; EMA 하락추세; 캔들 음봉
2025-06-04 14:00:00+00:00,USDJPY,SELL,143.245,143.145,143.315,3,MACD 강도 통과; EMA 하락추세; 캔들 음봉
2025-06-04 15:00:00+00:00,USDJPY,SELL,142.972,142.872,143.042,3,MACD 강도 통과; EMA 하락추세; 캔들 음봉
2025-06-04 16:00:00+00:00,USDJPY,SELL,142.733,142.633,142.803,3,MACD 강도 통과; EMA 하락추세; 캔들 음봉
2025-06-04 18:00:00+00:00,USDJPY,SELL,142.768,142.668,142.838,3,MACD 강도 통과; EMA 하락추세; 캔들 음봉
2025-06-04 20:00:00+00:00,USDJPY,SELL,142.84,142.74,142.91,3,MACD 강도 통과; EMA 하락추세; 캔들 음봉
2025-06-04 21:00:00+00:00,USDJPY,SELL,142.72,142.62,142.79,3,MACD 강도 통과; EMA 하락추세; 캔들 음봉
2025-06-05 11:00:00+00:00,USDJPY,BUY,143.207,143.307,143.137,3,MACD 강도 통과; EMA 상승추세; 캔들 양봉
2025-06-05 12:30:00+00:00,USDJPY,BUY,143.37,143.47,143.3,3,MACD 강도 통과; EMA 상승추세; 캔들 양봉
2025-06-05 14:30:00+00:00,USDJPY,BUY,143.46,143.56,143.39000000000001,3,MACD 강도 통과; EMA 상승추세; 캔들 양봉
2025-06-05 15:30:00+00:00,USDJPY,BUY,143.864,143.964,143.794,3,MACD 강도 통과; EMA 상승추세; 캔들 양봉
2025-06-05 17:00:00+00:00,USDJPY,BUY,143.748,143.84799999999998,143.678,3,MACD 강도 통과; EMA 상승추세; 캔들 양봉
2025-06-05 19:30:00+00:00,USDJPY,BUY,143.688,143.78799999999998,143.618,3,MACD 강도 통과; EMA 상승추세; 캔들 양봉
2025-06-06 11:00:00+00:00,USDJPY,BUY,144.159,144.259,144.089,3,MACD 강도 통과; EMA 상승추세; 캔들 양봉
2025-06-06 12:00:00+00:00,USDJPY,BUY,144.25,144.35,144.18,3,MACD 강도 통과; EMA 상승추세; 캔들 양봉
2025-06-06 13:00:00+00:00,USDJPY,BUY,144.872,144.972,144.80200000000002,3,MACD 강도 통과; EMA 상승추세; 캔들 양봉
2025-06-06 14:30:00+00:00,USDJPY,BUY,144.9,145.0,144.83,3,MACD 강도 통과; EMA 상승추세; 캔들 양봉
2025-06-06 16:00:00+00:00,USDJPY,BUY,144.928,145.028,144.858,3,MACD 강도 통과; EMA 상승추세; 캔들 양봉
2025-06-09 12:30:00+00:00,USDJPY,BUY,144.634,144.73399999999998,144.564,3,MACD 강도 통과; EMA 상승추세; 캔들 양봉
2025-06-09 14:30:00+00:00,USDJPY,BUY,144.615,144.715,144.54500000000002,3,MACD 강도 통과; EMA 상승추세; 캔들 양봉
2025-06-09 16:00:00+00:00,USDJPY,BUY,144.398,144.498,144.328,3,MACD 강도 통과; EMA 상승추세; 캔들 양봉
2025-06-09 17:00:00+00:00,USDJPY,BUY,144.429,144.529,144.359,3,MACD 강도 통과; EMA 상승추세; 캔들 양봉
2025-06-09 18:30:00+00:00,USDJPY,BUY,144.555,144.655,144.485,3,MACD 강도 통과; EMA 상승추세; 캔들 양봉
2025-06-09 19:30:00+00:00,USDJPY,BUY,144.566,144.666,144.496,3,MACD 강도 통과; EMA 상승추세; 캔들 양봉
2025-06-09 20:30:00+00:00,USDJPY,BUY,144.606,144.706,144.536,3,MACD 강도 통과; EMA 상승추세; 캔들 양봉
2025-06-09 21:30:00+00:00,USDJPY,BUY,144.558,144.658,144.488,3,MACD 강도 통과; EMA 상승추세; 캔들 양봉
2025-06-09 23:30:00+00:00,USDJPY,BUY,144.565,144.665,144.495,3,MACD 강도 통과; EMA 상승추세; 캔들 양봉
2025-06-10 01:00:00+00:00,USDJPY,BUY,144.714,144.814,144.644,3,MACD 강도 통과; EMA 상승추세; 캔들 양봉
2025-06-10 11:00:00+00:00,USDJPY,SELL,144.516,144.416,144.58599999999998,3,MACD 강도 통과; EMA 하락추세; 캔들 음봉
2025-06-10 12:00:00+00:00,USDJPY,SELL,144.582,144.482,144.652,3,MACD 강도 통과; EMA 하락추세; 캔들 음봉
2025-06-10 13:00:00+00:00,USDJPY,SELL,144.446,144.346,144.516,3,MACD 강도 통과; EMA 하락추세; 캔들 음봉
2025-06-10 15:00:00+00:00,USDJPY,BUY,144.932,145.03199999999998,144.862,3,MACD 강도 통과; EMA 상승추세; 캔들 양봉
2025-06-10 16:00:00+00:00,USDJPY,BUY,144.994,145.094,144.924,3,MACD 강도 통과; EMA 상승추세; 캔들 양봉
2025-06-10 17:00:00+00:00,USDJPY,BUY,144.992,145.09199999999998,144.922,3,MACD 강도 통과; EMA 상승추세; 캔들 양봉
2025-06-10 18:00:00+00:00,USDJPY,BUY,144.962,145.06199999999998,144.892,3,MACD 강도 통과; EMA 상승추세; 캔들 양봉
2025-06-10 19:30:00+00:00,USDJPY,BUY,144.906,145.006,144.836,3,MACD 강도 통과; EMA 상승추세; 캔들 양봉
2025-06-11 11:00:00+00:00,USDJPY,BUY,145.196,145.296,145.126,3,MACD 강도 통과; EMA 상승추세; 캔들 양봉
2025-06-11 14:00:00+00:00,USDJPY,SELL,144.884,144.784,144.95399999999998,3,MACD 강도 통과; EMA 하락추세; 캔들 음봉
2025-06-11 15:00:00+00:00,USDJPY,SELL,144.65,144.55,144.72,3,MACD 강도 통과; EMA 하락추세; 캔들 음봉
2025-06-11 17:00:00+00:00,USDJPY,SELL,144.582,144.482,144.652,3,MACD 강도 통과; EMA 하락추세; 캔들 음봉
2025-06-11 18:00:00+00:00,USDJPY,SELL,144.448,144.348,144.518,3,MACD 강도 통과; EMA 하락추세; 캔들 음봉
2025-06-11 20:00:00+00:00,USDJPY,SELL,144.59,144.49,144.66,3,MACD 강도 통과; EMA 하락추세; 캔들 음봉
2025-06-11 22:00:00+00:00,USDJPY,SELL,144.4,144.3,144.47,3,MACD 강도 통과; EMA 하락추세; 캔들 음봉
2025-06-11 23:00:00+00:00,USDJPY,SELL,144.242,144.142,144.31199999999998,3,MACD 강도 통과; EMA 하락추세; 캔들 음봉
2025-06-12 00:00:00+00:00,USDJPY,SELL,144.107,144.007,144.177,3,MACD 강도 통과; EMA 하락추세; 캔들 음봉
2025-06-12 01:00:00+00:00,USDJPY,SELL,143.834,143.734,143.904,3,MACD 강도 통과; EMA 하락추세; 캔들 음봉
2025-06-12 12:30:00+00:00,USDJPY,SELL,143.292,143.192,143.362,3,MACD 강도 통과; EMA 하락추세; 캔들 음봉
2025-06-12 23:30:00+00:00,USDJPY,SELL,143.096,142.996,143.166,3,MACD 강도 통과; EMA 하락추세; 캔들 음봉
2025-06-13 01:00:00+00:00,USDJPY,SELL,143.006,142.906,143.076,3,MACD 강도 통과; EMA 하락추세; 캔들 음봉
2025-06-13 12:00:00+00:00,USDJPY,BUY,144.188,144.28799999999998,144.118,3,MACD 강도 통과; EMA 상승추세; 캔들 양봉
2025-06-13 13:00:00+00:00,USDJPY,BUY,144.394,144.494,144.324,3,MACD 강도 통과; EMA 상승추세; 캔들 양봉
2025-06-13 14:00:00+00:00,USDJPY,BUY,144.116,144.216,144.04600000000002,3,MACD 강도 통과; EMA 상승추세; 캔들 양봉
2025-06-15 21:30:00+00:00,USDJPY,BUY,144.394,144.494,144.324,3,MACD 강도 통과; EMA 상승추세; 캔들 양봉
2025-06-15 23:00:00+00:00,USDJPY,BUY,144.522,144.62199999999999,144.452,3,MACD 강도 통과; EMA 상승추세; 캔들 양봉
2025-06-16 11:00:00+00:00,USDJPY,SELL,144.038,143.93800000000002,144.108,3,MACD 강도 통과; EMA 하락추세; 캔들 음봉
2025-06-16 12:30:00+00:00,USDJPY,SELL,144.1,144.0,144.17,3,MACD 강도 통과; EMA 하락추세; 캔들 음봉
2025-06-16 13:30:00+00:00,USDJPY,SELL,143.81,143.71,143.88,3,MACD 강도 통과; EMA 하락추세; 캔들 음봉
2025-06-16 17:00:00+00:00,USDJPY,BUY,144.307,144.40699999999998,144.237,3,MACD 강도 통과; EMA 상승추세; 캔들 양봉
2025-06-16 18:00:00+00:00,USDJPY,BUY,144.474,144.57399999999998,144.404,3,MACD 강도 통과; EMA 상승추세; 캔들 양봉
2025-06-16 19:00:00+00:00,USDJPY,BUY,144.655,144.755,144.585,3,MACD 강도 통과; EMA 상승추세; 캔들 양봉
2025-06-16 20:30:00+00:00,USDJPY,BUY,144.784,144.884,144.714,3,MACD 강도 통과; EMA 상승추세; 캔들 양봉
2025-06-16 22:00:00+00:00,USDJPY,BUY,144.745,144.845,144.675,3,MACD 강도 통과; EMA 상승추세; 캔들 양봉
2025-06-16 23:00:00+00:00,USDJPY,BUY,144.682,144.78199999999998,144.612,3,MACD 강도 통과; EMA 상승추세; 캔들 양봉
2025-06-17 00:00:00+00:00,USDJPY,BUY,144.9,145.0,144.83,3,MACD 강도 통과; EMA 상승추세; 캔들 양봉
2025-06-17 13:30:00+00:00,USDJPY,BUY,144.888,144.988,144.818,3,MACD 강도 통과; EMA 상승추세; 캔들 양봉
2025-06-17 14:30:00+00:00,USDJPY,BUY,145.186,145.286,145.116,3,MACD 강도 통과; EMA 상승추세; 캔들 양봉
2025-06-17 16:00:00+00:00,USDJPY,BUY,145.04,145.14,144.97,3,MACD 강도 통과; EMA 상승추세; 캔들 양봉
2025-06-17 17:30:00+00:00,USDJPY,BUY,145.248,145.34799999999998,145.178,3,MACD 강도 통과; EMA 상승추세; 캔들 양봉
2025-06-17 18:30:00+00:00,USDJPY,BUY,145.368,145.468,145.298,3,MACD 강도 통과; EMA 상승추세; 캔들 양봉
2025-06-17 20:00:00+00:00,USDJPY,BUY,145.22,145.32,145.15,3,MACD 강도 통과; EMA 상승추세; 캔들 양봉
2025-06-17 21:00:00+00:00,USDJPY,BUY,145.307,145.40699999999998,145.237,3,MACD 강도 통과; EMA 상승추세; 캔들 양봉
2025-06-18 11:30:00+00:00,USDJPY,SELL,144.85,144.75,144.92,3,MACD 강도 통과; EMA 하락추세; 캔들 음봉
2025-06-18 13:00:00+00:00,USDJPY,SELL,144.809,144.709,144.879,3,MACD 강도 통과; EMA 하락추세; 캔들 음봉
2025-06-18 14:30:00+00:00,USDJPY,SELL,144.804,144.704,144.874,3,MACD 강도 통과; EMA 하락추세; 캔들 음봉
2025-06-18 15:30:00+00:00,USDJPY,SELL,144.583,144.483,144.653,3,MACD 강도 통과; EMA 하락추세; 캔들 음봉
2025-06-18 18:00:00+00:00,USDJPY,SELL,144.599,144.499,144.66899999999998,3,MACD 강도 통과; EMA 하락추세; 캔들 음봉
2025-06-18 19:00:00+00:00,USDJPY,BUY,145.145,145.245,145.07500000000002,3,MACD 강도 통과; EMA 상승추세; 캔들 양봉
2025-06-18 20:30:00+00:00,USDJPY,BUY,145.133,145.233,145.06300000000002,3,MACD 강도 통과; EMA 상승추세; 캔들 양봉
2025-06-18 21:30:00+00:00,USDJPY,BUY,145.091,145.191,145.02100000000002,3,MACD 강도 통과; EMA 상승추세; 캔들 양봉
2025-06-18 22:30:00+00:00,USDJPY,BUY,144.997,145.097,144.92700000000002,3,MACD 강도 통과; EMA 상승추세; 캔들 양봉
2025-06-19 01:30:00+00:00,USDJPY,BUY,145.148,145.248,145.078,3,MACD 강도 통과; EMA 상승추세; 캔들 양봉
2025-06-19 11:30:00+00:00,USDJPY,BUY,145.67,145.76999999999998,145.6,3,MACD 강도 통과; EMA 상승추세; 캔들 양봉
2025-06-19 14:30:00+00:00,USDJPY,BUY,145.708,145.808,145.638,3,MACD 강도 통과; EMA 상승추세; 캔들 양봉
2025-06-19 16:00:00+00:00,USDJPY,BUY,145.68,145.78,145.61,3,MACD 강도 통과; EMA 상승추세; 캔들 양봉
2025-06-19 20:00:00+00:00,USDJPY,SELL,145.42,145.32,145.48999999999998,3,MACD 강도 통과; EMA 하락추세; 캔들 음봉
2025-06-19 21:00:00+00:00,USDJPY,SELL,145.43,145.33,145.5,3,MACD 강도 통과; EMA 하락추세; 캔들 음봉
2025-06-19 22:00:00+00:00,USDJPY,SELL,145.482,145.382,145.552,3,MACD 강도 통과; EMA 하락추세; 캔들 음봉
2025-06-19 23:00:00+00:00,USDJPY,SELL,145.3,145.20000000000002,145.37,3,MACD 강도 통과; EMA 하락추세; 캔들 음봉
2025-06-20 00:30:00+00:00,USDJPY,SELL,145.255,145.155,145.325,3,MACD 강도 통과; EMA 하락추세; 캔들 음봉
2025-06-20 11:00:00+00:00,USDJPY,BUY,145.523,145.623,145.453,3,MACD 강도 통과; EMA 상승추세; 캔들 양봉
2025-06-20 12:00:00+00:00,USDJPY,BUY,145.65,145.75,145.58,3,MACD 강도 통과; EMA 상승추세; 캔들 양봉
2025-06-20 13:00:00+00:00,USDJPY,BUY,145.652,145.75199999999998,145.582,3,MACD 강도 통과; EMA 상승추세; 캔들 양봉
2025-06-20 14:00:00+00:00,USDJPY,BUY,145.842,145.942,145.77200000000002,3,MACD 강도 통과; EMA 상승추세; 캔들 양봉
2025-06-20 15:30:00+00:00,USDJPY,BUY,145.928,146.028,145.858,3,MACD 강도 통과; EMA 상승추세; 캔들 양봉
2025-06-20 17:30:00+00:00,USDJPY,BUY,145.902,146.00199999999998,145.832,3,MACD 강도 통과; EMA 상승추세; 캔들 양봉
2025-06-20 18:30:00+00:00,USDJPY,BUY,145.974,146.07399999999998,145.904,3,MACD 강도 통과; EMA 상승추세; 캔들 양봉
2025-06-20 19:30:00+00:00,USDJPY,BUY,146.181,146.281,146.11100000000002,3,MACD 강도 통과; EMA 상승추세; 캔들 양봉
